{"cameraMode":{"drawMode":0,"name":"Shaded","section":"Shading Mode"},"sceneLighting":false,"audioPlay":false,"sceneViewState":{"m_AlwaysRefresh":false,"showFog":false,"showSkybox":false,"showFlares":false,"showImageEffects":false,"showParticleSystems":false,"showVisualEffectGraphs":true,"m_FxEnabled":true},"in2DMode":false,"pivot":{"x":-0.1427900493144989,"y":0.8202587366104126,"z":-0.497511088848114},"rotation":{"x":-0.010695544071495533,"y":0.9735680818557739,"z":-0.22466111183166505,"w":-0.04416760429739952},"size":1.0505415201187134,"orthographic":false}