{"cameraMode":{"drawMode":0,"name":"Shaded","section":"Shading Mode"},"sceneLighting":false,"audioPlay":false,"sceneViewState":{"m_AlwaysRefresh":false,"showFog":false,"showSkybox":false,"showFlares":false,"showImageEffects":false,"showParticleSystems":false,"showVisualEffectGraphs":true,"m_FxEnabled":true},"in2DMode":false,"pivot":{"x":0.6453106999397278,"y":1.4899029731750489,"z":0.029511934146285058},"rotation":{"x":-0.03393135964870453,"y":0.9523177742958069,"z":-0.28235679864883425,"w":-0.11216697096824646},"size":1.3795294761657715,"orthographic":false}